station_id,station_name,item_code,item_name,freq,source,n_days,n_valid,n_missing,n_imputed,missing_ratio,quality_flag,date_start,date_end,train_end,test_start,test_end
53001,昆明基准地震台,4112,水位观测,daily,oridata,527,526,1,0,0.0019,usable,2025-01-01,2026-06-11,2026-02-24,2026-02-25,2026-06-10
53001,昆明基准地震台,4313,水温观测,daily,oridata,527,526,1,0,0.0019,usable,2025-01-01,2026-06-11,2026-02-24,2026-02-25,2026-06-10
53002,腾冲地震台,4112,水位观测,daily,oridata,527,526,1,0,0.0019,usable,2025-01-01,2026-06-11,2026-02-24,2026-02-25,2026-06-10
53002,腾冲地震台,4313,水温观测,daily,oridata,527,526,1,0,0.0019,usable,2025-01-01,2026-06-11,2026-02-24,2026-02-25,2026-06-10
53002,腾冲地震台,4222,汞浓度观测,daily,oridata,527,526,1,0,0.0019,usable,2025-01-01,2026-06-11,2026-02-24,2026-02-25,2026-06-10
53003,洱源水化站,4112,水位观测,daily,oridata,527,526,1,0,0.0019,usable,2025-01-01,2026-06-11,2026-02-24,2026-02-25,2026-06-10
53003,洱源水化站,4312,水温观测,daily,oridata,527,526,1,0,0.0019,usable,2025-01-01,2026-06-11,2026-02-24,2026-02-25,2026-06-10
53003,洱源水化站,4221,汞浓度观测,daily,oridata,527,526,1,0,0.0019,usable,2025-01-01,2026-06-11,2026-02-24,2026-02-25,2026-06-10
53004,洱源地震台,4211,氡浓度观测,daily,oridata,527,526,1,0,0.0019,usable,2025-01-01,2026-06-11,2026-02-24,2026-02-25,2026-06-10
53013,建水县局,4112,水位观测,daily,oridata,527,526,1,0,0.0019,usable,2025-01-01,2026-06-11,2026-02-24,2026-02-25,2026-06-10
53013,建水县局,4313,水温观测,daily,oridata,527,526,1,0,0.0019,usable,2025-01-01,2026-06-11,2026-02-24,2026-02-25,2026-06-10
53016,曲江水化站,4212,氡浓度观测,daily,oridata,527,515,12,15,0.0228,usable,2025-01-01,2026-06-11,2026-02-26,2026-02-27,2026-06-09
53016,曲江水化站,4111,水位观测,daily,oridata,527,526,1,0,0.0019,usable,2025-01-01,2026-06-11,2026-02-24,2026-02-25,2026-06-10
53016,曲江水化站,4312,水温观测,daily,oridata,527,526,1,1,0.0019,usable,2025-01-01,2026-06-11,2026-02-24,2026-02-25,2026-06-10
53016,曲江水化站,4222,汞浓度观测,daily,oridata,527,526,1,0,0.0019,usable,2025-01-01,2026-06-11,2026-02-24,2026-02-25,2026-06-10
53020,元谋水化站,4214,氡浓度观测,daily,oridata,527,526,1,6,0.0019,usable,2025-01-01,2026-06-11,2026-02-24,2026-02-25,2026-06-10
53020,元谋水化站,4111,水位观测,daily,oridata,527,526,1,0,0.0019,usable,2025-01-01,2026-06-11,2026-02-24,2026-02-25,2026-06-10
53020,元谋水化站,4313,水温观测,daily,oridata,527,526,1,0,0.0019,usable,2025-01-01,2026-06-11,2026-02-24,2026-02-25,2026-06-10
53020,元谋水化站,4222,汞浓度观测,daily,oridata,527,526,1,0,0.0019,usable,2025-01-01,2026-06-11,2026-02-24,2026-02-25,2026-06-10
53029,下关水化站,4211,氡浓度观测,daily,oridata,527,526,1,0,0.0019,usable,2025-01-01,2026-06-11,2026-02-24,2026-02-25,2026-06-10
53029,下关水化站,4212,氡浓度观测,daily,oridata,527,526,1,1,0.0019,usable,2025-01-01,2026-06-11,2026-02-24,2026-02-25,2026-06-10
53029,下关水化站,4112,水位观测,daily,oridata,527,526,1,0,0.0019,usable,2025-01-01,2026-06-11,2026-02-24,2026-02-25,2026-06-10
53029,下关水化站,4312,水温观测,daily,oridata,527,526,1,0,0.0019,usable,2025-01-01,2026-06-11,2026-02-24,2026-02-25,2026-06-10
53029,下关水化站,4221,汞浓度观测,daily,oridata,527,526,1,0,0.0019,usable,2025-01-01,2026-06-11,2026-02-24,2026-02-25,2026-06-10
53029,下关水化站,4222,汞浓度观测,daily,oridata,527,526,1,0,0.0019,usable,2025-01-01,2026-06-11,2026-02-24,2026-02-25,2026-06-10
53034,昭通SK3井观测点,4212,氡浓度观测,daily,oridata,527,526,1,3,0.0019,usable,2025-01-01,2026-06-11,2026-02-24,2026-02-25,2026-06-10
53034,昭通SK3井观测点,4112,水位观测,daily,oridata,527,526,1,0,0.0019,usable,2025-01-01,2026-06-11,2026-02-24,2026-02-25,2026-06-10
53034,昭通SK3井观测点,4313,水温观测,daily,oridata,527,526,1,0,0.0019,usable,2025-01-01,2026-06-11,2026-02-24,2026-02-25,2026-06-10
53034,昭通SK3井观测点,4222,汞浓度观测,daily,oridata,527,526,1,0,0.0019,usable,2025-01-01,2026-06-11,2026-02-24,2026-02-25,2026-06-10
53041,会泽县局,4112,水位观测,daily,oridata,527,519,8,244,0.0152,usable,2025-01-01,2026-06-11,2026-02-22,2026-02-23,2026-06-06
53041,会泽县局,4311,水温观测,daily,oridata,527,422,105,0,0.1992,usable,2025-01-01,2026-06-11,2025-12-03,2025-12-04,2026-02-26
53041,会泽县局,4312,水温观测,daily,oridata,527,161,366,0,0.6945,low_quality,2025-01-01,2026-06-11,2026-05-08,2026-05-09,2026-06-10
53043,楚雄州局,4111,水位观测,daily,oridata,527,526,1,0,0.0019,usable,2025-01-01,2026-06-11,2026-02-24,2026-02-25,2026-06-10
53043,楚雄州局,4313,水温观测,daily,oridata,527,503,24,2,0.0455,usable,2025-01-01,2026-06-11,2026-03-01,2026-03-02,2026-06-10
53043,楚雄州局,4224,汞浓度观测,daily,oridata,527,526,1,0,0.0019,usable,2025-01-01,2026-06-11,2026-02-24,2026-02-25,2026-06-10
53044,罗茨水化站,4212,氡浓度观测,daily,oridata,527,526,1,13,0.0019,usable,2025-01-01,2026-06-11,2026-02-24,2026-02-25,2026-06-10
53045,大姚县局,4112,水位观测,daily,oridata,527,526,1,2,0.0019,usable,2025-01-01,2026-06-11,2026-02-24,2026-02-25,2026-06-10
53045,大姚县局,4311,水温观测,daily,oridata,527,526,1,2,0.0019,usable,2025-01-01,2026-06-11,2026-02-24,2026-02-25,2026-06-10
53050,华宁县局,4222,汞浓度观测,daily,oridata,527,526,1,2,0.0019,usable,2025-01-01,2026-06-11,2026-02-24,2026-02-25,2026-06-10
53052,澄江县局,4212,氡浓度观测,daily,oridata,527,526,1,5,0.0019,usable,2025-01-01,2026-06-11,2026-02-24,2026-02-25,2026-06-10
53052,澄江县局,4112,水位观测,daily,oridata,527,526,1,0,0.0019,usable,2025-01-01,2026-06-11,2026-02-24,2026-02-25,2026-06-10
53052,澄江县局,4312,水温观测,daily,oridata,527,526,1,0,0.0019,usable,2025-01-01,2026-06-11,2026-02-24,2026-02-25,2026-06-10
53052,澄江县局,4224,汞浓度观测,daily,oridata,527,513,14,7,0.0266,usable,2025-01-01,2026-06-11,2026-02-27,2026-02-28,2026-06-10
53053,普洱大寨,4211,氡浓度观测,daily,oridata,527,526,1,0,0.0019,usable,2025-01-01,2026-06-11,2026-02-24,2026-02-25,2026-06-10
53053,普洱大寨,4111,水位观测,daily,oridata,527,526,1,0,0.0019,usable,2025-01-01,2026-06-11,2026-02-24,2026-02-25,2026-06-10
53053,普洱大寨,4311,水温观测,daily,oridata,527,526,1,0,0.0019,usable,2025-01-01,2026-06-11,2026-02-24,2026-02-25,2026-06-10
53053,普洱大寨,4221,汞浓度观测,daily,oridata,527,526,1,0,0.0019,usable,2025-01-01,2026-06-11,2026-02-24,2026-02-25,2026-06-10
53053,普洱大寨,4222,汞浓度观测,daily,oridata,527,526,1,0,0.0019,usable,2025-01-01,2026-06-11,2026-02-24,2026-02-25,2026-06-10
53054,景谷县局,4112,水位观测,daily,oridata,527,526,1,0,0.0019,usable,2025-01-01,2026-06-11,2026-02-24,2026-02-25,2026-06-10
53054,景谷县局,4312,水温观测,daily,oridata,527,526,1,1,0.0019,usable,2025-01-01,2026-06-11,2026-02-24,2026-02-25,2026-06-10
53056,勐腊县局,4111,水位观测,daily,oridata,527,526,1,0,0.0019,usable,2025-01-01,2026-06-11,2026-02-24,2026-02-25,2026-06-10
53056,勐腊县局,4313,水温观测,daily,oridata,527,526,1,5,0.0019,usable,2025-01-01,2026-06-11,2026-02-24,2026-02-25,2026-06-10
53070,红河州局,4313,水温观测,daily,oridata,527,526,1,0,0.0019,usable,2025-01-01,2026-06-11,2026-02-24,2026-02-25,2026-06-10
53070,红河州局,4224,汞浓度观测,daily,oridata,527,526,1,0,0.0019,usable,2025-01-01,2026-06-11,2026-02-24,2026-02-25,2026-06-10
53071,开远市局,4112,水位观测,daily,oridata,527,526,1,2,0.0019,usable,2025-01-01,2026-06-11,2026-02-24,2026-02-25,2026-06-10
53071,开远市局,4312,水温观测,daily,oridata,527,526,1,0,0.0019,usable,2025-01-01,2026-06-11,2026-02-24,2026-02-25,2026-06-10
53074,泸西县局,4212,氡浓度观测,daily,oridata,527,524,3,8,0.0057,usable,2025-01-01,2026-06-11,2026-02-24,2026-02-25,2026-06-09
53074,泸西县局,4112,水位观测,daily,oridata,527,526,1,0,0.0019,usable,2025-01-01,2026-06-11,2026-02-24,2026-02-25,2026-06-10
53079,昆明小哨,4111,水位观测,daily,oridata,527,526,1,0,0.0019,usable,2025-01-01,2026-06-11,2026-02-24,2026-02-25,2026-06-10
53079,昆明小哨,4312,水温观测,daily,oridata,527,526,1,2,0.0019,usable,2025-01-01,2026-06-11,2026-02-24,2026-02-25,2026-06-10
53099,南华县局,4112,水位观测,daily,oridata,527,526,1,0,0.0019,usable,2025-01-01,2026-06-11,2026-02-24,2026-02-25,2026-06-10
53099,南华县局,4313,水温观测,daily,oridata,527,526,1,0,0.0019,usable,2025-01-01,2026-06-11,2026-02-24,2026-02-25,2026-06-10
53100,姚安县局,4112,水位观测,daily,oridata,527,526,1,2,0.0019,usable,2025-01-01,2026-06-11,2026-02-24,2026-02-25,2026-06-10
53100,姚安县局,4313,水温观测,daily,oridata,527,526,1,0,0.0019,usable,2025-01-01,2026-06-11,2026-02-24,2026-02-25,2026-06-10
53100,姚安县局,4222,汞浓度观测,daily,oridata,527,526,1,0,0.0019,usable,2025-01-01,2026-06-11,2026-02-24,2026-02-25,2026-06-10
53104,江川县局,4111,水位观测,daily,oridata,527,526,1,0,0.0019,usable,2025-01-01,2026-06-11,2026-02-24,2026-02-25,2026-06-10
53104,江川县局,4313,水温观测,daily,oridata,527,526,1,0,0.0019,usable,2025-01-01,2026-06-11,2026-02-24,2026-02-25,2026-06-10
53106,通海高大,4112,水位观测,daily,oridata,527,526,1,0,0.0019,usable,2025-01-01,2026-06-11,2026-02-24,2026-02-25,2026-06-10
53106,通海高大,4312,水温观测,daily,oridata,527,526,1,0,0.0019,usable,2025-01-01,2026-06-11,2026-02-24,2026-02-25,2026-06-10
53106,通海高大,4224,汞浓度观测,daily,oridata,527,526,1,0,0.0019,usable,2025-01-01,2026-06-11,2026-02-24,2026-02-25,2026-06-10
53109,澜沧县局,4112,水位观测,daily,oridata,527,526,1,1,0.0019,usable,2025-01-01,2026-06-11,2026-02-24,2026-02-25,2026-06-10
53109,澜沧县局,4313,水温观测,daily,oridata,527,526,1,0,0.0019,usable,2025-01-01,2026-06-11,2026-02-24,2026-02-25,2026-06-10
53118,鹤庆县局,4212,氡浓度观测,daily,oridata,527,30,497,0,0.9431,low_quality,2025-01-01,2026-06-11,2025-05-23,2025-05-24,2025-05-29
53122,剑川县局,4111,水位观测,daily,oridata,527,526,1,0,0.0019,usable,2025-01-01,2026-06-11,2026-02-24,2026-02-25,2026-06-10
53122,剑川县局,4312,水温观测,daily,oridata,527,526,1,0,0.0019,usable,2025-01-01,2026-06-11,2026-02-24,2026-02-25,2026-06-10
53123,保山市局,4212,氡浓度观测,daily,oridata,527,507,20,9,0.038,usable,2025-01-01,2026-06-11,2026-02-28,2026-03-01,2026-06-10
53123,保山市局,4232,氢浓度观测,daily,oridata,527,526,1,4,0.0019,usable,2025-01-01,2026-06-11,2026-02-24,2026-02-25,2026-06-10
53123,保山市局,4232,氢浓度观测,hourly,oridata,153,153,0,0,0.0,usable,2024-01-01,2024-06-01,2024-05-01,2024-05-02,2024-06-01
53123,保山市局,4111,水位观测,daily,oridata,527,526,1,3,0.0019,usable,2025-01-01,2026-06-11,2026-02-24,2026-02-25,2026-06-10
53123,保山市局,4313,水温观测,daily,oridata,527,526,1,3,0.0019,usable,2025-01-01,2026-06-11,2026-02-24,2026-02-25,2026-06-10
53123,保山市局,4221,汞浓度观测,daily,oridata,527,526,1,0,0.0019,usable,2025-01-01,2026-06-11,2026-02-24,2026-02-25,2026-06-10
53123,保山市局,4222,汞浓度观测,daily,oridata,527,501,26,15,0.0493,usable,2025-01-01,2026-06-11,2026-03-01,2026-03-02,2026-06-10
53123,保山市局,4222,汞浓度观测,hourly,oridata,153,153,0,3,0.0,usable,2024-01-01,2024-06-01,2024-05-01,2024-05-02,2024-06-01
53124,腾冲市局,4211,氡浓度观测,daily,oridata,527,526,1,0,0.0019,usable,2025-01-01,2026-06-11,2026-02-24,2026-02-25,2026-06-10
53124,腾冲市局,4112,水位观测,daily,oridata,527,526,1,0,0.0019,usable,2025-01-01,2026-06-11,2026-02-24,2026-02-25,2026-06-10
53124,腾冲市局,4313,水温观测,daily,oridata,527,526,1,0,0.0019,usable,2025-01-01,2026-06-11,2026-02-24,2026-02-25,2026-06-10
53124,腾冲市局,4221,汞浓度观测,daily,oridata,527,508,19,7,0.0361,usable,2025-01-01,2026-06-11,2026-02-28,2026-03-01,2026-06-10
53125,龙陵县局,4222,汞浓度观测,daily,oridata,527,526,1,0,0.0019,usable,2025-01-01,2026-06-11,2026-02-24,2026-02-25,2026-06-10
53130,德宏法帕,4112,水位观测,daily,oridata,527,526,1,0,0.0019,usable,2025-01-01,2026-06-11,2026-02-24,2026-02-25,2026-06-10
53130,德宏法帕,4313,水温观测,daily,oridata,527,526,1,0,0.0019,usable,2025-01-01,2026-06-11,2026-02-24,2026-02-25,2026-06-10
53135,丽江市局,4111,水位观测,daily,oridata,527,526,1,1,0.0019,usable,2025-01-01,2026-06-11,2026-02-24,2026-02-25,2026-06-10
53135,丽江市局,4313,水温观测,daily,oridata,527,526,1,0,0.0019,usable,2025-01-01,2026-06-11,2026-02-24,2026-02-25,2026-06-10
53137,永胜县局,4112,水位观测,daily,oridata,527,526,1,0,0.0019,usable,2025-01-01,2026-06-11,2026-02-24,2026-02-25,2026-06-10
53137,永胜县局,4313,水温观测,daily,oridata,527,526,1,0,0.0019,usable,2025-01-01,2026-06-11,2026-02-24,2026-02-25,2026-06-10
53142,弥勒市局,4212,氡浓度观测,daily,oridata,527,526,1,5,0.0019,usable,2025-01-01,2026-06-11,2026-02-24,2026-02-25,2026-06-10
53142,弥勒市局,4111,水位观测,daily,oridata,527,526,1,0,0.0019,usable,2025-01-01,2026-06-11,2026-02-24,2026-02-25,2026-06-10
53142,弥勒市局,4312,水温观测,daily,oridata,527,526,1,0,0.0019,usable,2025-01-01,2026-06-11,2026-02-24,2026-02-25,2026-06-10
53142,弥勒市局,4222,汞浓度观测,daily,oridata,527,526,1,0,0.0019,usable,2025-01-01,2026-06-11,2026-02-24,2026-02-25,2026-06-10
53168,昭通渔洞,4111,水位观测,daily,oridata,527,526,1,0,0.0019,usable,2025-01-01,2026-06-11,2026-02-24,2026-02-25,2026-06-10
53168,昭通渔洞,4312,水温观测,daily,oridata,527,526,1,0,0.0019,usable,2025-01-01,2026-06-11,2026-02-24,2026-02-25,2026-06-10
53170,孟连水化站,4212,氡浓度观测,daily,oridata,527,477,50,2,0.0949,usable,2025-01-01,2026-06-11,2026-03-06,2026-03-07,2026-06-10
53170,孟连水化站,4112,水位观测,daily,oridata,527,477,50,2,0.0949,usable,2025-01-01,2026-06-11,2026-03-06,2026-03-07,2026-06-10
53170,孟连水化站,4311,水温观测,daily,oridata,527,477,50,2,0.0949,usable,2025-01-01,2026-06-11,2026-03-06,2026-03-07,2026-06-10
53170,孟连水化站,4224,汞浓度观测,daily,oridata,527,470,57,16,0.1082,usable,2025-01-01,2026-06-11,2026-03-08,2026-03-09,2026-06-10
53171,德宏芒蚌,4212,氡浓度观测,daily,oridata,527,526,1,1,0.0019,usable,2025-01-01,2026-06-11,2026-02-24,2026-02-25,2026-06-10
53171,德宏芒蚌,4222,汞浓度观测,daily,oridata,527,526,1,2,0.0019,usable,2025-01-01,2026-06-11,2026-02-24,2026-02-25,2026-06-10
53201,弥渡水化站,4212,氡浓度观测,daily,oridata,527,181,346,2,0.6565,low_quality,2025-01-01,2026-06-11,2025-05-24,2025-05-25,2025-06-30
53201,弥渡水化站,4111,水位观测,daily,oridata,527,526,1,0,0.0019,usable,2025-01-01,2026-06-11,2026-02-24,2026-02-25,2026-06-10
53201,弥渡水化站,4313,水温观测,daily,oridata,527,526,1,0,0.0019,usable,2025-01-01,2026-06-11,2026-02-24,2026-02-25,2026-06-10
53201,弥渡水化站,4222,汞浓度观测,daily,oridata,527,181,346,0,0.6565,low_quality,2025-01-01,2026-06-11,2025-05-24,2025-05-25,2025-06-30
SCXC32,西昌32井,,气氡,hourly,oridata2,4143,4143,0,19,0.0,usable,2015-01-01,2026-05-05,2024-01-27,2024-01-28,2026-05-05
SCXC32,西昌32井,,水氡,daily,oridata2,4143,4143,0,3,0.0,usable,2015-01-01,2026-05-05,2024-01-27,2024-01-28,2026-05-05
会泽,会泽,,水位,daily,oridata2,526,526,0,0,0.0,usable,2025-01-01,2026-06-10,2026-02-24,2026-02-25,2026-06-10
